{
    "netParams_version": 103,
    "netpyne_changeset": "",
    "netpyne_version": "1.0.0.2",
    "simData": {
        "V_soma": {
            "cell_0": [
                -67.66,
                -67.66021582356478,
                -67.66029869560585,
                -67.66037970265413
            ],
            "cell_10256": [
                -80.0,
                -79.98562811471722,
                -79.9716220923984,
                -79.95790835194445
            ],
            "cell_10343": [
                -80.0,
                -79.97881825988068,
                -79.95752407868136,
                -79.93630058821539
            ],
            "cell_10459": [
                -80.0,
                -79.98954250267843,
                -79.9791034468901,
                -79.96868090305789
            ],
            "cell_10571": [
                -67.66,
                -67.66021582356478,
                -67.66029869560585,
                -67.66037970265413
            ],
            "cell_10651": [
                -70.0,
                -69.99432121560363,
                -69.98864548303094,
                -69.982972719106
            ],
            "cell_11307": [
                -70.0,
                -69.99432121560363,
                -69.98864548303094,
                -69.982972719106
            ],
            "cell_12146": [
                -70.0,
                -69.99432121560363,
                -69.98864548303094,
                -69.982972719106
            ],
            "cell_12831": [
                -70.0,
                -69.99432121560363,
                -69.98864548303094,
                -69.982972719106
            ],
            "cell_13872": [
                -70.0,
                -69.99432121560363,
                -69.98864548303094,
                -69.982972719106
            ],
            "cell_14407": [
                -70.0,
                -69.99432121560363,
                -69.98864548303094,
                -69.982972719106
            ],
            "cell_15092": [
                -80.0,
                -79.99743149137244,
                -79.99486655964112,
                -79.99230513631488
            ],
            "cell_16622": [
                -80.0,
                -79.99743149137244,
                -79.99486655964112,
                -79.99230513631488
            ],
            "cell_17004": [
                -80.0,
                -79.99743149137244,
                -79.99486655964112,
                -79.99230513631488
            ],
            "cell_17386": [
                -80.0,
                -79.99743149137244,
                -79.99486655964112,
                -79.99230513631488
            ],
            "cell_2195": [
                -80.0,
                -79.98562811469384,
                -79.97162209234268,
                -79.95790835185674
            ],
            "cell_2230": [
                -80.0,
                -79.97881825988068,
                -79.95752407868136,
                -79.93630058821539
            ],
            "cell_2319": [
                -80.0,
                -79.98954250267793,
                -79.97910344688889,
                -79.96868090305594
            ],
            "cell_2426": [
                -67.66,
                -67.66021582356478,
                -67.66029869560585,
                -67.66037970265413
            ],
            "cell_2502": [
                -88.7986728464,
                -88.79423793939893,
                -88.78980613781982,
                -88.78537759826965
            ],
            "cell_3269": [
                -80.0,
                -79.98562811471501,
                -79.97162209239244,
                -79.95790835193365
            ],
            "cell_3281": [
                -80.0,
                -79.97881825989018,
                -79.95752407870712,
                -79.93630058826209
            ],
            "cell_3329": [
                -80.0,
                -79.98954250267813,
                -79.97910344688938,
                -79.96868090305675
            ],
            "cell_3335": [
                -67.66,
                -67.66021582356478,
                -67.66029869560585,
                -67.66037970265413
            ],
            "cell_3342": [
                -79.2637828106,
                -79.2645587173827,
                -79.2653554235422,
                -79.26614769189452
            ],
            "cell_3986": [
                -80.0,
                -79.98562811471722,
                -79.9716220923984,
                -79.95790835194445
            ],
            "cell_4040": [
                -80.0,
                -79.97881825988068,
                -79.95752407868136,
                -79.93630058821539
            ],
            "cell_4132": [
                -80.0,
                -79.98954250267822,
                -79.97910344688958,
                -79.96868090305706
            ],
            "cell_4145": [
                -67.66,
                -67.66021582356478,
                -67.66029869560585,
                -67.66037970265413
            ],
            "cell_4155": [
                -92.8364820902,
                -92.8259889781988,
                -92.81543483095574,
                -92.80482118683545
            ],
            "cell_465": [
                -88.7986728464,
                -88.79423860749742,
                -88.7898083743067,
                -88.78538246990745
            ],
            "cell_5590": [
                -70.0432010302,
                -70.06781117856485,
                -70.0945305178362,
                -70.12158469703468
            ],
            "cell_7025": [
                -80.0,
                -79.98562811471722,
                -79.9716220923984,
                -79.95790835194445
            ],
            "cell_7321": [
                -80.0,
                -79.97881825989018,
                -79.95752407870712,
                -79.93630058826209
            ],
            "cell_7675": [
                -80.0,
                -79.98954250267798,
                -79.97910344688901,
                -79.96868090305615
            ],
            "cell_7720": [
                -67.66,
                -67.66021582356478,
                -67.66029869560585,
                -67.66037970265413
            ],
            "cell_7784": [
                -92.8364820902,
                -92.8259913437111,
                -92.81544156784683,
                -92.80483395728608
            ],
            "cell_9020": [
                -88.7986728464,
                -88.79423749139984,
                -88.78980469032199,
                -88.78537450828276
            ]
        },
        "avgRate": 0,
        "popRates": {
            "CT6": 0.0,
            "IT2": 0.0,
            "IT4": 0.0,
            "IT5A": 0.0,
            "IT5B": 0.0,
            "IT6": 0.0,
            "M2": 0.0,
            "NGF1": 0.0,
            "NGF2": 0.0,
            "NGF4": 0.0,
            "NGF5A": 0.0,
            "NGF5B": 0.0,
            "NGF6": 0.0,
            "OC": 0.0,
            "POm_sTC_m1": 0.0,
            "POm_sTC_s1": 0.0,
            "PT5B": 0.0,
            "PV2": 0.0,
            "PV4": 0.0,
            "PV5A": 0.0,
            "PV5B": 0.0,
            "PV6": 0.0,
            "S1": 0.0,
            "S2": 0.0,
            "SOM2": 0.0,
            "SOM4": 0.0,
            "SOM5A": 0.0,
            "SOM5B": 0.0,
            "SOM6": 0.0,
            "VIP2": 0.0,
            "VIP4": 0.0,
            "VIP5A": 0.0,
            "VIP5B": 0.0,
            "VIP6": 0.0,
            "VL_sTC": 0.0,
            "VM_sTC_m1": 0.0,
            "VPL_sTC": 0.0,
            "VPM_sTC": 0.0,
            "cM1": 0.0,
            "mt_RTN": 0.0,
            "ss_RTN_i": 0.0,
            "ss_RTN_m": 0.0,
            "ss_RTN_o": 0.0
        },
        "spkid": [],
        "spkt": [],
        "t": []
    }
}